prenom,nbdenaissances
Julien,15 330 naissances
Nicolas,12 507 naissances
Aurélie,11 316 naissances
Emilie,9 570 naissances
Guillaume,9 085 naissances
Julie,8 967 naissances
Elodie,8 752 naissances
Alexandre,8 739 naissances
Stéphanie,8 429 naissances
Sébastien,8 152 naissances
Thomas,8 142 naissances
Romain,8 024 naissances
Jérémy,8 022 naissances
Anthony,7 983 naissances
Marie,7 953 naissances
Jonathan,7 622 naissances
Audrey,7 405 naissances
Mathieu,6 916 naissances
Céline,6 757 naissances
Damien,6 314 naissances
Jennifer,6 293 naissances
Laëtitia,5 998 naissances
Vincent,5 947 naissances
Mélanie,5 804 naissances
Mickael,5 619 naissances
David,5 425 naissances
Cédric,5 382 naissances
Kevin,5 358 naissances
Sophie,5 039 naissances
Jérôme,4 989 naissances
Benjamin,4 941 naissances
Amandine,4 931 naissances
Maxime,4 835 naissances
Pierre,4 828 naissances
Marion,4 792 naissances
Christophe,4 774 naissances
Virginie,4 588 naissances
Vanessa,4 524 naissances
Charlotte,4 456 naissances
Caroline,4 338 naissances
Pauline,4 295 naissances
Fabien,4 256 naissances
Jessica,4 125 naissances
Arnaud,4 118 naissances
Benoit,4 053 naissances
Aurélien,3 871 naissances
Ludovic,3 777 naissances
Florian,3 748 naissances
Claire,3 730 naissances
Adrien,3 684 naissances
Sabrina,3 654 naissances
Aurore,3 570 naissances
Angélique,3 500 naissances
Lucie,3 478 naissances
Cindy,3 465 naissances
Frédéric,3 433 naissances
Matthieu,3 424 naissances
Amélie,3 370 naissances
Sylvain,3 366 naissances
Marine,3 350 naissances
Anaïs,3 342 naissances
Loïc,3 307 naissances
Sarah,3 307 naissances
Stéphane,3 295 naissances
Olivier,3 239 naissances
Antoine,3 187 naissances
Alexandra,3 179 naissances
Fanny,3 097 naissances
Delphine,3 035 naissances
Clément,2 902 naissances
François,2 884 naissances
Cyril,2 851 naissances
Grégory,2 837 naissances
Michaël,2 836 naissances
Cécile,2 822 naissances
Camille,2 771 naissances
Christelle,2 744 naissances
Jean,2 668 naissances
Laurent,2 599 naissances
Laura,2 599 naissances
Sandra,2 554 naissances
Rémi,2 534 naissances
Hélène,2 466 naissances
Sandrine,2 380 naissances
Coralie,2 224 naissances
Florent,2 210 naissances
Yoann,2 164 naissances
Laure,2 131 naissances
Nathalie,2 126 naissances
Anne,2 113 naissances
Adeline,2 105 naissances
Alexis,2 039 naissances
Christopher,2 020 naissances
Xavier,2 005 naissances
Gaëlle,1 989 naissances
Yannick,1 932 naissances
Jérémie,1 862 naissances
Yann,1 809 naissances
Morgane,1 807 naissances
Mathilde,1 778 naissances
Emmanuelle,1 762 naissances
Charlène,1 759 naissances
Sonia,1 756 naissances
Emmanuel,1 745 naissances
Marc,1 694 naissances
Mélissa,1 687 naissances
Noémie,1 642 naissances
Raphaël,1 630 naissances
Franck,1 604 naissances
Elise,1 586 naissances
Justine,1 578 naissances
Séverine,1 568 naissances
Mohamed,1 565 naissances
Samuel,1 556 naissances
Anne-Sophie,1 551 naissances
Isabelle,1 518 naissances
Simon,1 512 naissances
Ludivine,1 500 naissances
Aline,1 467 naissances
Gaétan,1 459 naissances
Chloé,1 455 naissances
Déborah,1 450 naissances
Quentin,1 443 naissances
Carole,1 404 naissances
Jean-Baptiste,1 390 naissances
Dimitri,1 389 naissances
Philippe,1 348 naissances
Magali,1 345 naissances
Rémy,1 341 naissances
Alice,1 337 naissances
Johan,1 333 naissances
Florence,1 328 naissances
Charles,1 320 naissances
Geoffrey,1 287 naissances
Baptiste,1 264 naissances
Mehdi,1 263 naissances
Lionel,1 241 naissances
Eric,1 234 naissances
Bruno,1 223 naissances
Tony,1 215 naissances
Thibault,1 214 naissances
Jimmy,1 202 naissances
Aude,1 198 naissances
Nadia,1 186 naissances
Fabrice,1 154 naissances
Myriam,1 139 naissances
William,1 138 naissances
Karim,1 128 naissances
Marjorie,1 127 naissances
Clémence,1 126 naissances
Maud,1 109 naissances
Paul,1 090 naissances
Renaud,1 084 naissances
Steven,1 074 naissances
Emeline,1 064 naissances
Kelly,1 062 naissances
Nadège,1 056 naissances
Morgan,1 050 naissances
Valérie,1 048 naissances
Marlène,1 047 naissances
Gaël,1 042 naissances
Bastien,1 039 naissances
Thibaut,1 036 naissances
Teddy,1 023 naissances
Karine,1 020 naissances
Johanna,1 015 naissances
Ophélie,1 015 naissances
Marina,1 011 naissances
Estelle,995 naissances
Anne-Laure,986 naissances
Laurie,983 naissances
Priscilla,970 naissances
Brice,897 naissances
Steve,896 naissances
Léa,882 naissances
Clémentine,879 naissances
Thierry,867 naissances
Yohann,861 naissances
Bertrand,858 naissances
Perrine,846 naissances
Etienne,836 naissances
Yohan,835 naissances
Cynthia,819 naissances
Natacha,818 naissances
Aurélia,791 naissances
Pascal,782 naissances
Elsa,778 naissances
Charline,760 naissances
Floriane,754 naissances
Lucile,736 naissances
Géraldine,728 naissances
Alicia,728 naissances
Julia,724 naissances
Linda,722 naissances
Catherine,719 naissances
Daniel,717 naissances
Magalie,716 naissances
Mylène,715 naissances
Michel,708 naissances
Ingrid,704 naissances
Lydie,702 naissances
Jean-Philippe,696 naissances
Juliette,694 naissances
Alexia,685 naissances
Carine,680 naissances
Samir,678 naissances
Mikaël,673 naissances
Manuel,671 naissances
Nelly,665 naissances
Johann,663 naissances
Vivien,663 naissances
Patrick,655 naissances
Cyrielle,654 naissances
Cécilia,652 naissances
Leslie,652 naissances
Gabriel,648 naissances
Martin,644 naissances
Gwendoline,641 naissances
Edouard,638 naissances
Axel,635 naissances
Blandine,635 naissances
Célia,628 naissances
Solène,627 naissances
Jean-François,626 naissances
Tiphaine,619 naissances
Barbara,615 naissances
Laurence,613 naissances
Richard,606 naissances
Rudy,598 naissances
Denis,598 naissances
Maeva,596 naissances
Yoan,591 naissances
Bénédicte,590 naissances
Olivia,584 naissances
Valentin,583 naissances
Leïla,576 naissances
Hugo,575 naissances
Louis,575 naissances
Rachel,566 naissances
Jordan,565 naissances
Sylvie,562 naissances
Cyrille,561 naissances
Fatima,561 naissances
Marianne,559 naissances
Eva,556 naissances
Gwenaëlle,550 naissances
Victor,546 naissances
Sandy,544 naissances
Camille,544 naissances
Luc,544 naissances
Alain,543 naissances
Boris,543 naissances
Jean-Christophe,539 naissances
Gilles,538 naissances
Véronique,537 naissances
Hervé,529 naissances
Lise,529 naissances
Manon,527 naissances
Agathe,525 naissances
Sabine,523 naissances
Alban,521 naissances
Romuald,518 naissances
Antony,517 naissances
Mathias,513 naissances
Lisa,510 naissances
Agnès,508 naissances
Erwan,507 naissances
Aymeric,501 naissances
Lauriane,499 naissances
Christine,494 naissances
Marie-Laure,489 naissances
Eddy,488 naissances
Grégoire,486 naissances
Samira,479 naissances
Arthur,473 naissances
Amanda,472 naissances
Rachid,472 naissances
Christian,470 naissances
Wilfried,459 naissances
Dorothée,458 naissances
Johnny,457 naissances
Pierrick,453 naissances
Joël,451 naissances
Elisabeth,448 naissances
Roxane,441 naissances
Tatiana,435 naissances
Lucas,435 naissances
Thibaud,434 naissances
Samia,432 naissances
Freddy,427 naissances
Maxence,425 naissances
Samantha,412 naissances
Didier,411 naissances
Malika,410 naissances
Nabil,410 naissances
Dominique,410 naissances
Emilien,408 naissances
Farid,406 naissances
Katia,400 naissances
Diane,400 naissances
Louise,400 naissances
Anissa,398 naissances
Flora,396 naissances
Patrice,395 naissances
Maryline,393 naissances
Jean-Charles,393 naissances
Patricia,387 naissances
Steeve,382 naissances
Annabelle,381 naissances
Robin,380 naissances
Régis,378 naissances
Frédérique,375 naissances
Eloïse,375 naissances
Priscillia,372 naissances
Rebecca,371 naissances
Jessy,365 naissances
Cathy,365 naissances
Geoffroy,361 naissances
Béatrice,360 naissances
Sofiane,359 naissances
Charly,355 naissances
Ali,353 naissances
Tiffany,351 naissances
Lolita,350 naissances
Dorian,350 naissances
Christina,347 naissances
Sophia,345 naissances
Ronan,339 naissances
Tristan,336 naissances
Davy,336 naissances
Karima,333 naissances
Flavien,329 naissances
Dany,327 naissances
Ahmed,326 naissances
Coline,326 naissances
Amaury,326 naissances
Joseph,326 naissances
Jeanne,324 naissances
Clarisse,324 naissances
Kamel,316 naissances
Alison,315 naissances
Anna,313 naissances
Lydia,312 naissances
Corinne,312 naissances
Eugénie,307 naissances
Astrid,306 naissances
Anne-Charlotte,302 naissances
Bérengère,300 naissances
Allison,299 naissances
Edwige,299 naissances
Jacques,298 naissances
Héloïse,296 naissances
Fabienne,295 naissances
Gauthier,295 naissances
Erika,295 naissances
Raphaëlle,293 naissances
Muriel,292 naissances
Coraline,291 naissances
Marie-Charlotte,288 naissances
Alan,287 naissances
Matthias,286 naissances
Anne-Lise,285 naissances
Yves,284 naissances
Gary,284 naissances
Willy,283 naissances
Timothée,283 naissances
Adélaïde,283 naissances
Anne-Claire,282 naissances
Maïté,281 naissances
Claudia,281 naissances
Clara,280 naissances
Elisa,280 naissances
Angéline,280 naissances
Axelle,279 naissances
Pamela,279 naissances
Nora,276 naissances
Mélodie,276 naissances
Andréa,276 naissances
Mandy,274 naissances
Nolwenn,273 naissances
Pierre-Yves,273 naissances
Nina,273 naissances
Youssef,271 naissances
Sara,271 naissances
Rodolphe,268 naissances
Gérald,267 naissances
Naïma,267 naissances
Laurène,266 naissances
Eléonore,265 naissances
John,265 naissances
Lucille,264 naissances
Betty,264 naissances
François-Xavier,261 naissances
Yasmina,260 naissances
Clotilde,260 naissances
Hakim,260 naissances
Jean-Michel,259 naissances
Sylvia,258 naissances
Yassine,257 naissances
Alix,256 naissances
Flavie,255 naissances
Margaux,255 naissances
Emeric,254 naissances
Mourad,254 naissances
Jean-Marc,253 naissances
Pascaline,252 naissances
Tiphanie,251 naissances
Jessie,251 naissances
Andy,250 naissances
Jean-Marie,249 naissances
Maximilien,249 naissances
Lindsay,248 naissances
Henri,248 naissances
Saïd,248 naissances
Eve,248 naissances
Ghislain,246 naissances
Julian,246 naissances
Antonin,246 naissances
Joanna,245 naissances
André,244 naissances
Violaine,243 naissances
Brahim,241 naissances
Karen,240 naissances
Mike,239 naissances
Anaëlle,239 naissances
Maël,238 naissances
Yvan,238 naissances
Joffrey,238 naissances
Sofia,237 naissances
Florie,237 naissances
Jenny,236 naissances
Gabrielle,236 naissances
Stanislas,234 naissances
Fiona,234 naissances
Nordine,234 naissances
Gwenaël,234 naissances
Emma,232 naissances
Yacine,231 naissances
Joachim,230 naissances
Tanguy,229 naissances
Léo,228 naissances
Mélinda,227 naissances
Joris,227 naissances
Maëlle,227 naissances
Gautier,226 naissances
Samy,226 naissances
Laurianne,226 naissances
Angelina,226 naissances
Amel,226 naissances
Martial,226 naissances
Marilyne,225 naissances
Mustapha,223 naissances
Mélina,222 naissances
Francis,221 naissances
Valentine,219 naissances
Victoria,218 naissances
Malik,215 naissances
Aïcha,214 naissances
Solenne,213 naissances
Flore,212 naissances
Corentin,211 naissances
Hanane,206 naissances
Giovanni,205 naissances
Marjolaine,205 naissances
Marielle,205 naissances
Christel,204 naissances
Stephen,204 naissances
Hugues,203 naissances
Omar,202 naissances
Gladys,200 naissances
Gwladys,200 naissances
Constance,200 naissances
Soraya,199 naissances
Claude,198 naissances
Siham,198 naissances
Miguel,195 naissances
Bérangère,194 naissances
Khadija,194 naissances
Laurine,194 naissances
James,194 naissances
Hadrien,193 naissances
Alex,192 naissances
Joëlle,191 naissances
Maude,191 naissances
Allan,191 naissances
Marc-Antoine,190 naissances
Mounir,190 naissances
José,189 naissances
Bérénice,187 naissances
Fouad,187 naissances
Georges,186 naissances
Inès,186 naissances
Elie,186 naissances
Ismaël,185 naissances
Sami,185 naissances
Ornella,185 naissances
Diana,183 naissances
Tarik,182 naissances
Murielle,182 naissances
Salim,181 naissances
Florine,181 naissances
Moussa,179 naissances
Nancy,179 naissances
Candice,177 naissances
Dounia,177 naissances
Germain,177 naissances
Hicham,176 naissances
Anne-Cécile,175 naissances
Fatiha,174 naissances
Jenna,174 naissances
Maria,174 naissances
Gaylord,173 naissances
Doriane,173 naissances
Jocelyn,173 naissances
Ivan,172 naissances
Josselin,172 naissances
Océane,171 naissances
Ibrahim,170 naissances
Peter,170 naissances
Helena,169 naissances
Fatoumata,168 naissances
Chrystelle,168 naissances
Alizée,167 naissances
Margot,167 naissances
Jean-Pierre,166 naissances
Jordane,166 naissances
Amina,165 naissances
Jessy,164 naissances
Mamadou,163 naissances
Laïla,163 naissances
Pierre-Antoine,163 naissances
Daisy,160 naissances
Jean-Sébastien,160 naissances
Khalid,160 naissances
Charlie,159 naissances
Lilian,159 naissances
Guilhem,158 naissances
Mariam,157 naissances
Adèle,157 naissances
Esther,156 naissances
Ambre,156 naissances
Jacky,155 naissances
Jules,155 naissances
Walid,154 naissances
Salima,153 naissances
Jean-Luc,153 naissances
Oriane,152 naissances
Nathanaël,152 naissances
Edith,151 naissances
Rodrigue,150 naissances
Mélody,150 naissances
Rachida,149 naissances
Armelle,148 naissances
Hassan,148 naissances
Faustine,148 naissances
Abdelkader,147 naissances
Bernard,147 naissances
Sandie,146 naissances
Harmonie,145 naissances
Sullivan,145 naissances
Djamel,145 naissances
Françoise,144 naissances
Joan,144 naissances
Jean-Louis,144 naissances
Aminata,143 naissances
Souâd,142 naissances
Karl,141 naissances
Armand,141 naissances
Nelson,140 naissances
Félix,140 naissances
Marie-Ange,139 naissances
Nadine,138 naissances
Graziella,138 naissances
Dalila,138 naissances
Dorine,138 naissances
Monia,138 naissances
Serge,138 naissances
Prescillia,138 naissances
Jamila,137 naissances
Angela,137 naissances
Alexandrine,137 naissances
Maïlys,136 naissances
Vianney,136 naissances
Stephan,136 naissances
Pierre-Alexandre,134 naissances
Aziz,134 naissances
Robert,133 naissances
Romaric,133 naissances
Lorraine,132 naissances
Virgile,132 naissances
Joséphine,132 naissances
Wendy,132 naissances
Marilyn,131 naissances
Odile,130 naissances
Shirley,129 naissances
Pierre-Marie,129 naissances
Soïzic,129 naissances
Amine,128 naissances
Angèle,128 naissances
Léna,128 naissances
Audric,128 naissances
Latifa,128 naissances
Lola,127 naissances
Charles-Henri,127 naissances
Garry,124 naissances
Maureen,124 naissances
Johanne,124 naissances
Stella,124 naissances
Harmony,124 naissances
Ségolène,123 naissances
Manuella,123 naissances
Tania,123 naissances
Evelyne,123 naissances
Nassim,122 naissances
Jean-Paul,122 naissances
Nathan,122 naissances
Amal,122 naissances
Judith,121 naissances
Lorène,121 naissances
Pierre-Emmanuel,121 naissances
Prisca,121 naissances
Cyndie,121 naissances
Younès,121 naissances
Pierre-Jean,120 naissances
Jamel,120 naissances
Hamza,120 naissances
Augustin,119 naissances
Pascale,119 naissances
Jennyfer,119 naissances
Angelo,118 naissances
Jean-Yves,118 naissances
Claudine,118 naissances
Wilfrid,117 naissances
Gildas,117 naissances
Adrian,117 naissances
Jade,116 naissances
Katy,116 naissances
Sana,116 naissances
Daphné,116 naissances
Capucine,116 naissances
Jamal,115 naissances
Nabila,115 naissances
Hubert,115 naissances
Marylène,114 naissances
Tommy,114 naissances
Laureen,114 naissances
Noël,114 naissances
Soufiane,114 naissances
Fleur,114 naissances
Jason,114 naissances
Marie-Hélène,114 naissances
Farida,113 naissances
Marie-Pierre,113 naissances
Imane,113 naissances
Laury,113 naissances
Alisson,112 naissances
Jonas,112 naissances
Albane,112 naissances
Zoé,112 naissances
Ariane,112 naissances
Anastasia,111 naissances
Saïda,111 naissances
Frederick,111 naissances
Hawa,111 naissances
Fatma,111 naissances
Halima,110 naissances
Lucien,110 naissances
Zohra,110 naissances
Solenn,110 naissances
Suzanne,110 naissances
Bryan,110 naissances
France,110 naissances
Meggie,109 naissances
Anne-Marie,109 naissances
Adam,109 naissances
Yasmine,108 naissances
Clélia,108 naissances
Nawal,108 naissances
Tom,108 naissances
Kathleen,108 naissances
Bélinda,108 naissances
Aziza,108 naissances
Yamina,107 naissances
Salomé,107 naissances
Jean-Noël,107 naissances
Dominique,107 naissances
Clothilde,107 naissances
Brian,107 naissances
Guy,106 naissances
Pierre-Henri,106 naissances
Medhi,106 naissances
Morad,105 naissances
Driss,105 naissances
Manuela,105 naissances
Johana,104 naissances
Amélia,104 naissances
Loubna,104 naissances
Mounia,103 naissances
Mario,103 naissances
Adil,102 naissances
Louisa,102 naissances
Ketty,100 naissances
Stevens,100 naissances
Gérard,100 naissances
Sofian,99 naissances
Donia,99 naissances
Magdaléna,99 naissances
Victorien,98 naissances
Martine,98 naissances
Nassima,98 naissances
Marie-Anne,97 naissances
Sélim,97 naissances
Roland,97 naissances
Lauren,97 naissances
Sindy,96 naissances
Lucy,96 naissances
Farah,96 naissances
Maryse,96 naissances
Elena,95 naissances
Jean-Claude,95 naissances
Cyprien,95 naissances
Asma,94 naissances
Assia,94 naissances
Milène,94 naissances
Anita,94 naissances
Michèle,94 naissances
Typhaine,94 naissances
Brigitte,94 naissances
Sabah,93 naissances
Ludwig,93 naissances
Jean-Jacques,93 naissances
Harold,93 naissances
Marie-Cécile,93 naissances
Youcef,92 naissances
Terry,92 naissances
Marguerite,92 naissances
Zakaria,92 naissances
Toufik,91 naissances
Khaled,91 naissances
Steeven,90 naissances
Alizé,90 naissances
Ulrich,89 naissances
Frank,89 naissances
Fayçal,89 naissances
Solange,89 naissances
Annie,89 naissances
Mahamadou,89 naissances
Nawel,89 naissances
Landry,88 naissances
Yannis,88 naissances
Mériem,88 naissances
Colin,88 naissances
Antonio,88 naissances
Justin,88 naissances
Fabian,87 naissances
Basile,86 naissances
Elvis,86 naissances
Nadir,86 naissances
Faïza,86 naissances
Lauranne,86 naissances
Emile,86 naissances
Ugo,85 naissances
Najat,85 naissances
Akim,85 naissances
Claudie,85 naissances
Mustafa,85 naissances
Judicaël,85 naissances
Irène,84 naissances
Adel,84 naissances
Meggy,84 naissances
Lauréline,84 naissances
Rose,84 naissances
Chantal,83 naissances
Marie-Claire,83 naissances
Safia,83 naissances
Marvin,83 naissances
Erwann,83 naissances
Tiffanie,83 naissances
Mohammed,82 naissances
Joanne,82 naissances
Hanan,82 naissances
Amira,82 naissances
Mary,81 naissances
Yassin,81 naissances
Léonie,81 naissances
Lamia,81 naissances
Théo,80 naissances
Malvina,80 naissances
Anne-Gaëlle,80 naissances
Pierre-Alain,80 naissances
Hamid,80 naissances
Lilia,79 naissances
Gwendal,79 naissances
Viviane,79 naissances
Léonard,79 naissances
Sacha,79 naissances
Orianne,79 naissances
Pierre-Louis,78 naissances
Houda,78 naissances
Ismaïl,78 naissances
Harry,78 naissances
Nils,78 naissances
Abdel,78 naissances
Mina,77 naissances
Amar,77 naissances
Ramzi,77 naissances
Roger,77 naissances
Davina,77 naissances
Pierre-Olivier,77 naissances
Tarek,76 naissances
Albin,76 naissances
Emily,76 naissances
Salah,76 naissances
Suzy,76 naissances
Gwennaëlle,75 naissances
Romy,75 naissances
Oualid,74 naissances
Bouchra,74 naissances
Noura,74 naissances
Nasser,74 naissances
Enora,73 naissances
Noëlie,73 naissances
Kathy,73 naissances
Cloé,73 naissances
Emmeline,73 naissances
Carl,72 naissances
Naoual,72 naissances
Krystel,72 naissances
Hayat,72 naissances
Diego,72 naissances
Hakima,71 naissances
Hafida,71 naissances
Sihame,71 naissances
Rozenn,71 naissances
Iris,71 naissances
Billy,71 naissances
Violette,71 naissances
Sabri,70 naissances
Victoire,70 naissances
Honorine,70 naissances
Orlane,70 naissances
Idriss,70 naissances
Alix,70 naissances
Magaly,70 naissances
Carlos,69 naissances
Kamal,69 naissances
Servane,69 naissances
Hichem,69 naissances
Djamila,69 naissances
Domitille,68 naissances
Pierre-Edouard,68 naissances
Habib,68 naissances
Aïda,67 naissances
Sihem,67 naissances
Imen,67 naissances
Donatien,67 naissances
Noëlle,67 naissances
Joe,67 naissances
Jesse,67 naissances
Terence,67 naissances
Amadou,67 naissances
Raïssa,66 naissances
Marco,66 naissances
Max,66 naissances
Dolorès,66 naissances
Jaouad,66 naissances
Valérian,66 naissances
René,65 naissances
Anaël,65 naissances
Logan,65 naissances
Tamara,65 naissances
Jean-Daniel,64 naissances
Kristell,64 naissances
Rosalie,64 naissances
Vinciane,64 naissances
Emelyne,64 naissances
Virginia,64 naissances
Peggy,64 naissances
Ayse,64 naissances
Chrystel,64 naissances
Hanna,63 naissances
Warren,63 naissances
Maggy,63 naissances
Christèle,63 naissances
Charles-Edouard,63 naissances
Wafa,63 naissances
Ghislaine,62 naissances
Marie-France,62 naissances
Laëticia,62 naissances
Hortense,62 naissances
Hedi,62 naissances
Anis,62 naissances
Arnold,61 naissances
Yoni,61 naissances
Paola,61 naissances
Lynda,61 naissances
Marie-Caroline,61 naissances
Lysiane,61 naissances
Bettina,61 naissances
Lila,61 naissances
Joana,61 naissances
Carmen,61 naissances
Roseline,61 naissances
Marie-Christine,61 naissances
Josué,60 naissances
Norman,60 naissances
Moïse,60 naissances
Raphaële,60 naissances
Liliane,60 naissances
Ruddy,60 naissances
Line,60 naissances
Madeleine,59 naissances
Barthélémy,59 naissances
Soumia,59 naissances
Chris,59 naissances
Mouna,59 naissances
Vicky,59 naissances
Hocine,59 naissances
Mallory,59 naissances
Malorie,59 naissances
Ronald,59 naissances
Ilham,59 naissances
Lina,58 naissances
Cinthia,58 naissances
Dan,58 naissances
Aïssata,58 naissances
Abdoulaye,58 naissances
Jean-Benoit,58 naissances
Bilal,58 naissances
Auriane,58 naissances
Roman,58 naissances
Gilbert,57 naissances
Lucia,57 naissances
Geneviève,57 naissances
Yan,57 naissances
Marcel,57 naissances
Kristel,57 naissances
Marie-Aude,57 naissances
Apolline,57 naissances
Raymond,57 naissances
Murat,57 naissances
Cassandre,56 naissances
Réda,56 naissances
Mélaine,56 naissances
Zahra,56 naissances
Pierre-Luc,56 naissances
Ibrahima,56 naissances
César,56 naissances
Heidi,56 naissances
Bertille,56 naissances
Fouzia,56 naissances
Kenny,56 naissances
Igor,56 naissances
Joy,56 naissances
Jeff,55 naissances
Gérôme,55 naissances
Larissa,55 naissances
Lotfi,55 naissances
Abdellah,55 naissances
Ameline,55 naissances
Marie-Sophie,55 naissances
Geoffray,55 naissances
Soline,54 naissances
Maÿlis,54 naissances
Henry,54 naissances
Maurice,54 naissances
Juliana,54 naissances
Marie-Amélie,54 naissances
Bernadette,54 naissances
Ken,54 naissances
Jean-Bernard,54 naissances
Maïmouna,54 naissances
Mona,54 naissances
Jérémi,54 naissances
Nicole,54 naissances
Kahïna,54 naissances
Slimane,53 naissances
Ana,53 naissances
Pierre-François,53 naissances
Redouane,53 naissances
Cédrick,53 naissances
Charlyne,53 naissances
Gina,53 naissances
Pablo,53 naissances
Typhanie,53 naissances
Zineb,53 naissances
Michelle,52 naissances
Marie-Noëlle,52 naissances
Méryl,52 naissances
Marie-Line,52 naissances
Naïm,52 naissances
Christiane,52 naissances
Gaspard,52 naissances
Jean-Patrick,52 naissances
Annabel,51 naissances
Frantz,51 naissances
Wassila,51 naissances
Ombeline,51 naissances
Bilel,51 naissances
Lara,51 naissances